{"cameraMode":{"drawMode":0,"name":"Shaded","section":"Shading Mode"},"sceneLighting":false,"audioPlay":false,"sceneViewState":{"showFog":true,"showMaterialUpdate":false,"showSkybox":false,"showFlares":true,"showImageEffects":true,"showParticleSystems":true,"showVisualEffectGraphs":true,"m_FxEnabled":true},"in2DMode":false,"pivot":{"x":-0.2533292770385742,"y":1.859104871749878,"z":-0.07648169994354248},"rotation":{"x":0.015619049780070782,"y":0.18372485041618348,"z":0.0029239384457468988,"w":-0.9828675985336304},"size":0.8660253882408142,"orthographic":false}