{"cameraMode":{"drawMode":0,"name":"Shaded","section":"Shading Mode"},"sceneLighting":true,"audioPlay":false,"sceneViewState":{"showFog":true,"showMaterialUpdate":false,"showSkybox":true,"showFlares":true,"showImageEffects":true,"showParticleSystems":true,"showVisualEffectGraphs":true,"m_FxEnabled":true},"in2DMode":false,"pivot":{"x":-1.0984196662902833,"y":0.5214253664016724,"z":2.3888652324676515},"rotation":{"x":0.16443169116973878,"y":-0.45248955488204958,"z":0.08528974652290344,"w":0.8723316192626953},"size":4.736498832702637,"orthographic":false}