{"cameraMode":{"drawMode":0,"name":"Shaded","section":"Shading Mode"},"sceneLighting":true,"audioPlay":false,"sceneViewState":{"showFog":true,"showMaterialUpdate":false,"showSkybox":true,"showFlares":true,"showImageEffects":true,"showParticleSystems":true,"showVisualEffectGraphs":true,"m_FxEnabled":true},"in2DMode":false,"pivot":{"x":1.3173599243164063,"y":1.1490064859390259,"z":0.9093196988105774},"rotation":{"x":0.15024703741073609,"y":-0.11245150864124298,"z":0.01720077358186245,"w":0.9820922017097473},"size":1.0064282417297364,"orthographic":false}