{"cameraMode":{"drawMode":0,"name":"Shaded","section":"Shading Mode"},"sceneLighting":false,"audioPlay":false,"sceneViewState":{"showFog":true,"showMaterialUpdate":false,"showSkybox":true,"showFlares":true,"showImageEffects":true,"showParticleSystems":true,"showVisualEffectGraphs":true,"m_FxEnabled":true},"in2DMode":false,"pivot":{"x":3.0292460918426515,"y":-2.865251302719116,"z":12.08355712890625},"rotation":{"x":-0.16011637449264527,"y":-0.0023716797586530449,"z":0.0003848632622975856,"w":-0.9870964288711548},"size":10.527742385864258,"orthographic":false}