{"cameraMode":{"drawMode":0,"name":"Shaded","section":"Shading Mode"},"sceneLighting":false,"audioPlay":false,"sceneViewState":{"showFog":true,"showMaterialUpdate":false,"showSkybox":true,"showFlares":true,"showImageEffects":true,"showParticleSystems":true,"showVisualEffectGraphs":true,"m_FxEnabled":true},"in2DMode":false,"pivot":{"x":6.642759799957275,"y":0.6672054529190064,"z":-12.641677856445313},"rotation":{"x":0.20665235817432404,"y":0.17934229969978333,"z":-0.038569338619709018,"w":0.9610279202461243},"size":12.12435531616211,"orthographic":false}