{"cameraMode":{"drawMode":0,"name":"Shaded","section":"Shading Mode"},"sceneLighting":false,"audioPlay":false,"sceneViewState":{"showFog":true,"showMaterialUpdate":false,"showSkybox":true,"showFlares":true,"showImageEffects":true,"showParticleSystems":true,"showVisualEffectGraphs":true,"m_FxEnabled":true},"in2DMode":false,"pivot":{"x":3.360177755355835,"y":-1.0225872993469239,"z":14.737354278564454},"rotation":{"x":0.08868210017681122,"y":-0.008972552604973317,"z":0.0007843367056921124,"w":0.9959573149681091},"size":11.966710090637207,"orthographic":false}