{"cameraMode":{"drawMode":0,"name":"Shaded","section":"Shading Mode"},"sceneLighting":true,"audioPlay":false,"sceneViewState":{"showFog":true,"showMaterialUpdate":false,"showSkybox":true,"showFlares":true,"showImageEffects":true,"showParticleSystems":true,"showVisualEffectGraphs":true,"m_FxEnabled":true},"in2DMode":false,"pivot":{"x":-2.669767141342163,"y":0.5440115332603455,"z":17.878246307373048},"rotation":{"x":0.0781756341457367,"y":-0.034991685301065448,"z":0.0027155803982168438,"w":0.9962498545646668},"size":12.12435531616211,"orthographic":false}