{"cameraMode":{"drawMode":0,"name":"Shaded","section":"Shading Mode"},"sceneLighting":true,"audioPlay":false,"sceneViewState":{"showFog":true,"showMaterialUpdate":false,"showSkybox":true,"showFlares":true,"showImageEffects":true,"showParticleSystems":true,"showVisualEffectGraphs":true,"m_FxEnabled":true},"in2DMode":false,"pivot":{"x":5.491394996643066,"y":-4.644785404205322,"z":18.091392517089845},"rotation":{"x":0.21578532457351685,"y":0.12350503355264664,"z":-0.027568623423576356,"w":0.9681336879730225},"size":12.12435531616211,"orthographic":false}