{"cameraMode":{"drawMode":0,"name":"Shaded","section":"Shading Mode"},"sceneLighting":true,"audioPlay":false,"sceneViewState":{"showFog":true,"showMaterialUpdate":false,"showSkybox":true,"showFlares":true,"showImageEffects":true,"showParticleSystems":true,"showVisualEffectGraphs":true,"m_FxEnabled":true},"in2DMode":false,"pivot":{"x":-3.357771873474121,"y":2.214113235473633,"z":15.589487075805664},"rotation":{"x":0.08494827896356583,"y":-0.13172465562820435,"z":0.011303124949336052,"w":0.9875015616416931},"size":14.225946426391602,"orthographic":false}