{"cameraMode":{"drawMode":0,"name":"Shaded","section":"Shading Mode"},"sceneLighting":true,"audioPlay":false,"sceneViewState":{"showFog":true,"showMaterialUpdate":false,"showSkybox":true,"showFlares":true,"showImageEffects":true,"showParticleSystems":true,"showVisualEffectGraphs":true,"m_FxEnabled":true},"in2DMode":false,"pivot":{"x":19.31158447265625,"y":-1.5700230598449708,"z":-13.071386337280274},"rotation":{"x":0.04386525973677635,"y":0.9011102318763733,"z":-0.09388118982315064,"w":0.42103534936904909},"size":22.453638076782228,"orthographic":false}