{"cameraMode":{"drawMode":0,"name":"Shaded","section":"Shading Mode"},"sceneLighting":false,"audioPlay":false,"sceneViewState":{"showFog":true,"showMaterialUpdate":false,"showSkybox":false,"showFlares":true,"showImageEffects":true,"showParticleSystems":true,"showVisualEffectGraphs":true,"m_FxEnabled":true},"in2DMode":false,"pivot":{"x":-0.8663998246192932,"y":1.9456467628479005,"z":1.0030351877212525},"rotation":{"x":0.048275407403707507,"y":0.020365262404084207,"z":-0.0010142717510461808,"w":0.9985536336898804},"size":0.8660253882408142,"orthographic":false}