{"cameraMode":{"drawMode":0,"name":"Shaded","section":"Shading Mode"},"sceneLighting":false,"audioPlay":false,"sceneViewState":{"showFog":true,"showMaterialUpdate":false,"showSkybox":false,"showFlares":true,"showImageEffects":true,"showParticleSystems":true,"showVisualEffectGraphs":true,"m_FxEnabled":true},"in2DMode":false,"pivot":{"x":0.7087032794952393,"y":3.023465394973755,"z":-4.461507797241211},"rotation":{"x":-0.05127819627523422,"y":0.018570752814412118,"z":-0.0009538856102153659,"w":-0.998508870601654},"size":0.8660253882408142,"orthographic":false}