{"cameraMode":{"drawMode":0,"name":"Shaded","section":"Shading Mode"},"sceneLighting":false,"audioPlay":false,"sceneViewState":{"showFog":true,"showMaterialUpdate":false,"showSkybox":true,"showFlares":true,"showImageEffects":true,"showParticleSystems":true,"showVisualEffectGraphs":true,"m_FxEnabled":true},"in2DMode":false,"pivot":{"x":4.4539947509765629,"y":1.3509345054626465,"z":-1.2640706300735474},"rotation":{"x":-0.004786224104464054,"y":-0.025186849758028985,"z":-0.0001195130025735125,"w":0.9996750950813294},"size":0.8660253882408142,"orthographic":false}