{"cameraMode":{"drawMode":0,"name":"Shaded","section":"Shading Mode"},"sceneLighting":false,"audioPlay":false,"sceneViewState":{"showFog":true,"showMaterialUpdate":false,"showSkybox":true,"showFlares":true,"showImageEffects":true,"showParticleSystems":true,"showVisualEffectGraphs":true,"m_FxEnabled":true},"in2DMode":false,"pivot":{"x":2.782055377960205,"y":-4.578788757324219,"z":12.389336585998536},"rotation":{"x":-0.17046716809272767,"y":-0.008279073983430863,"z":0.0014321444323286415,"w":-0.9853258728981018},"size":12.518929481506348,"orthographic":false}